label,path
0,747_dataset_1.png_con_br0.png
0,730_dataset_1.png_con_br0.png
0,759_dataset_2.png_con_br0.png
0,733_dataset_2.png_con_br3.png
0,725_dataset_1.png_con_br2.png
0,728_dataset_0.png_con_br1.png
0,752_dataset_1.png_con_br2.png
0,742_dataset_0.png_con_br2.png
0,744_dataset_2.png_con_br3.png
0,744_dataset_2.png_con_br2.png
0,742_dataset_0.png_con_br3.png
0,728_dataset_0.png_con_br0.png
0,752_dataset_1.png_con_br3.png
0,725_dataset_1.png_con_br3.png
0,733_dataset_2.png_con_br2.png
0,759_dataset_2.png_con_br1.png
0,730_dataset_1.png_con_br1.png
0,747_dataset_1.png_con_br1.png
0,747_dataset_1.png_con_br3.png
0,730_dataset_1.png_con_br3.png
0,759_dataset_2.png_con_br3.png
0,733_dataset_2.png_con_br0.png
0,725_dataset_1.png_con_br1.png
0,752_dataset_1.png_con_br1.png
0,728_dataset_0.png_con_br2.png
0,742_dataset_0.png_con_br1.png
0,744_dataset_2.png_con_br0.png
0,744_dataset_2.png_con_br1.png
0,742_dataset_0.png_con_br0.png
0,752_dataset_1.png_con_br0.png
0,728_dataset_0.png_con_br3.png
0,725_dataset_1.png_con_br0.png
0,733_dataset_2.png_con_br1.png
0,759_dataset_2.png_con_br2.png
0,730_dataset_1.png_con_br2.png
0,747_dataset_1.png_con_br2.png
0,750_dataset_0.png_con_br2.png
0,721_dataset_2.png_con_br3.png
0,737_dataset_1.png_con_br2.png
0,722_dataset_1.png_con_br0.png
0,758_dataset_0.png_con_br3.png
0,743_dataset_2.png_con_br1.png
0,729_dataset_2.png_con_br2.png
0,755_dataset_1.png_con_br0.png
0,745_dataset_0.png_con_br0.png
0,745_dataset_0.png_con_br1.png
0,755_dataset_1.png_con_br1.png
0,729_dataset_2.png_con_br3.png
0,743_dataset_2.png_con_br0.png
0,722_dataset_1.png_con_br1.png
0,758_dataset_0.png_con_br2.png
0,737_dataset_1.png_con_br3.png
0,721_dataset_2.png_con_br2.png
0,750_dataset_0.png_con_br3.png
0,750_dataset_0.png_con_br1.png
0,721_dataset_2.png_con_br0.png
0,737_dataset_1.png_con_br1.png
0,758_dataset_0.png_con_br0.png
0,722_dataset_1.png_con_br3.png
0,743_dataset_2.png_con_br2.png
0,729_dataset_2.png_con_br1.png
0,755_dataset_1.png_con_br3.png
0,745_dataset_0.png_con_br3.png
0,745_dataset_0.png_con_br2.png
0,755_dataset_1.png_con_br2.png
0,729_dataset_2.png_con_br0.png
0,743_dataset_2.png_con_br3.png
0,758_dataset_0.png_con_br1.png
0,722_dataset_1.png_con_br2.png
0,737_dataset_1.png_con_br0.png
0,721_dataset_2.png_con_br1.png
0,750_dataset_0.png_con_br0.png
0,722_dataset_0.png_con_br0.png
0,758_dataset_1.png_con_br3.png
0,724_dataset_2.png_con_br1.png
0,753_dataset_2.png_con_br1.png
0,739_dataset_2.png_con_br2.png
0,745_dataset_1.png_con_br0.png
0,755_dataset_0.png_con_br0.png
0,750_dataset_1.png_con_br2.png
0,760_dataset_2.png_con_br2.png
0,746_dataset_2.png_con_br3.png
0,731_dataset_2.png_con_br3.png
0,737_dataset_0.png_con_br2.png
0,737_dataset_0.png_con_br3.png
0,731_dataset_2.png_con_br2.png
0,746_dataset_2.png_con_br2.png
0,760_dataset_2.png_con_br3.png
0,750_dataset_1.png_con_br3.png
0,755_dataset_0.png_con_br1.png
0,745_dataset_1.png_con_br1.png
0,739_dataset_2.png_con_br3.png
0,753_dataset_2.png_con_br0.png
0,724_dataset_2.png_con_br0.png
0,722_dataset_0.png_con_br1.png
0,758_dataset_1.png_con_br2.png
0,758_dataset_1.png_con_br0.png
0,722_dataset_0.png_con_br3.png
0,724_dataset_2.png_con_br2.png
0,753_dataset_2.png_con_br2.png
0,739_dataset_2.png_con_br1.png
0,745_dataset_1.png_con_br3.png
0,755_dataset_0.png_con_br3.png
0,750_dataset_1.png_con_br1.png
0,746_dataset_2.png_con_br0.png
0,760_dataset_2.png_con_br1.png
0,731_dataset_2.png_con_br0.png
0,737_dataset_0.png_con_br1.png
0,737_dataset_0.png_con_br0.png
0,731_dataset_2.png_con_br1.png
0,760_dataset_2.png_con_br0.png
0,746_dataset_2.png_con_br1.png
0,750_dataset_1.png_con_br0.png
0,755_dataset_0.png_con_br2.png
0,745_dataset_1.png_con_br2.png
0,739_dataset_2.png_con_br0.png
0,753_dataset_2.png_con_br3.png
0,724_dataset_2.png_con_br3.png
0,758_dataset_1.png_con_br1.png
0,722_dataset_0.png_con_br2.png
0,749_dataset_2.png_con_br0.png
0,723_dataset_2.png_con_br3.png
0,725_dataset_0.png_con_br2.png
0,742_dataset_1.png_con_br2.png
0,728_dataset_1.png_con_br1.png
0,752_dataset_0.png_con_br2.png
0,754_dataset_2.png_con_br3.png
0,741_dataset_2.png_con_br1.png
0,747_dataset_0.png_con_br0.png
0,730_dataset_0.png_con_br0.png
0,730_dataset_0.png_con_br1.png
0,747_dataset_0.png_con_br1.png
0,741_dataset_2.png_con_br0.png
0,754_dataset_2.png_con_br2.png
0,728_dataset_1.png_con_br0.png
0,752_dataset_0.png_con_br3.png
0,742_dataset_1.png_con_br3.png
0,725_dataset_0.png_con_br3.png
0,723_dataset_2.png_con_br2.png
0,749_dataset_2.png_con_br1.png
0,749_dataset_2.png_con_br3.png
0,723_dataset_2.png_con_br0.png
0,725_dataset_0.png_con_br1.png
0,742_dataset_1.png_con_br1.png
0,752_dataset_0.png_con_br1.png
0,728_dataset_1.png_con_br2.png
0,754_dataset_2.png_con_br0.png
0,741_dataset_2.png_con_br2.png
0,747_dataset_0.png_con_br3.png
0,730_dataset_0.png_con_br3.png
0,730_dataset_0.png_con_br2.png
0,747_dataset_0.png_con_br2.png
0,741_dataset_2.png_con_br3.png
0,754_dataset_2.png_con_br1.png
0,752_dataset_0.png_con_br0.png
0,728_dataset_1.png_con_br3.png
0,742_dataset_1.png_con_br0.png
0,725_dataset_0.png_con_br0.png
0,723_dataset_2.png_con_br1.png
0,749_dataset_2.png_con_br2.png
0,721_dataset_1.png_con_br2.png
0,731_dataset_0.png_con_br2.png
0,737_dataset_2.png_con_br3.png
0,746_dataset_0.png_con_br2.png
0,760_dataset_0.png_con_br3.png
0,739_dataset_0.png_con_br3.png
0,743_dataset_1.png_con_br0.png
0,753_dataset_0.png_con_br0.png
0,729_dataset_1.png_con_br3.png
0,755_dataset_2.png_con_br1.png
0,722_dataset_2.png_con_br1.png
0,724_dataset_0.png_con_br0.png
0,724_dataset_0.png_con_br1.png
0,722_dataset_2.png_con_br0.png
0,755_dataset_2.png_con_br0.png
0,753_dataset_0.png_con_br1.png
0,729_dataset_1.png_con_br2.png
0,739_dataset_0.png_con_br2.png
0,743_dataset_1.png_con_br1.png
0,760_dataset_0.png_con_br2.png
0,746_dataset_0.png_con_br3.png
0,737_dataset_2.png_con_br2.png
0,731_dataset_0.png_con_br3.png
0,721_dataset_1.png_con_br3.png
0,721_dataset_1.png_con_br1.png
0,731_dataset_0.png_con_br1.png
0,737_dataset_2.png_con_br0.png
0,760_dataset_0.png_con_br0.png
0,746_dataset_0.png_con_br1.png
0,743_dataset_1.png_con_br3.png
0,739_dataset_0.png_con_br0.png
0,729_dataset_1.png_con_br0.png
0,753_dataset_0.png_con_br3.png
0,755_dataset_2.png_con_br2.png
0,722_dataset_2.png_con_br2.png
0,724_dataset_0.png_con_br3.png
0,724_dataset_0.png_con_br2.png
0,722_dataset_2.png_con_br3.png
0,755_dataset_2.png_con_br3.png
0,729_dataset_1.png_con_br1.png
0,753_dataset_0.png_con_br2.png
0,743_dataset_1.png_con_br2.png
0,739_dataset_0.png_con_br1.png
0,746_dataset_0.png_con_br0.png
0,760_dataset_0.png_con_br1.png
0,737_dataset_2.png_con_br1.png
0,731_dataset_0.png_con_br0.png
0,721_dataset_1.png_con_br0.png
0,730_dataset_2.png_con_br1.png
0,741_dataset_0.png_con_br0.png
0,747_dataset_2.png_con_br1.png
0,752_dataset_2.png_con_br3.png
0,744_dataset_1.png_con_br2.png
0,754_dataset_0.png_con_br2.png
0,759_dataset_1.png_con_br1.png
0,723_dataset_0.png_con_br2.png
0,733_dataset_1.png_con_br2.png
0,749_dataset_0.png_con_br1.png
0,725_dataset_2.png_con_br3.png
0,725_dataset_2.png_con_br2.png
0,733_dataset_1.png_con_br3.png
0,749_dataset_0.png_con_br0.png
0,759_dataset_1.png_con_br0.png
0,723_dataset_0.png_con_br3.png
0,754_dataset_0.png_con_br3.png
0,744_dataset_1.png_con_br3.png
0,752_dataset_2.png_con_br2.png
0,747_dataset_2.png_con_br0.png
0,741_dataset_0.png_con_br1.png
0,730_dataset_2.png_con_br0.png
0,730_dataset_2.png_con_br2.png
0,741_dataset_0.png_con_br3.png
0,747_dataset_2.png_con_br2.png
0,752_dataset_2.png_con_br0.png
0,744_dataset_1.png_con_br1.png
0,754_dataset_0.png_con_br1.png
0,723_dataset_0.png_con_br1.png
0,759_dataset_1.png_con_br2.png
0,749_dataset_0.png_con_br2.png
0,733_dataset_1.png_con_br1.png
0,725_dataset_2.png_con_br0.png
0,725_dataset_2.png_con_br1.png
0,749_dataset_0.png_con_br3.png
0,733_dataset_1.png_con_br0.png
0,723_dataset_0.png_con_br0.png
0,759_dataset_1.png_con_br3.png
0,754_dataset_0.png_con_br0.png
0,744_dataset_1.png_con_br0.png
0,752_dataset_2.png_con_br1.png
0,747_dataset_2.png_con_br3.png
0,741_dataset_0.png_con_br2.png
0,730_dataset_2.png_con_br3.png
0,742_dataset_2.png_con_br3.png
0,728_dataset_2.png_con_br0.png
0,754_dataset_1.png_con_br2.png
0,744_dataset_0.png_con_br2.png
0,733_dataset_0.png_con_br2.png
0,749_dataset_1.png_con_br1.png
0,759_dataset_0.png_con_br1.png
0,723_dataset_1.png_con_br2.png
0,741_dataset_1.png_con_br0.png
0,741_dataset_1.png_con_br1.png
0,759_dataset_0.png_con_br0.png
0,723_dataset_1.png_con_br3.png
0,733_dataset_0.png_con_br3.png
0,749_dataset_1.png_con_br0.png
0,744_dataset_0.png_con_br3.png
0,754_dataset_1.png_con_br3.png
0,728_dataset_2.png_con_br1.png
0,742_dataset_2.png_con_br2.png
0,742_dataset_2.png_con_br0.png
0,728_dataset_2.png_con_br3.png
0,754_dataset_1.png_con_br1.png
0,744_dataset_0.png_con_br1.png
0,749_dataset_1.png_con_br2.png
0,733_dataset_0.png_con_br1.png
0,723_dataset_1.png_con_br1.png
0,759_dataset_0.png_con_br2.png
0,741_dataset_1.png_con_br3.png
0,741_dataset_1.png_con_br2.png
0,723_dataset_1.png_con_br0.png
0,759_dataset_0.png_con_br3.png
0,749_dataset_1.png_con_br3.png
0,733_dataset_0.png_con_br0.png
0,744_dataset_0.png_con_br0.png
0,754_dataset_1.png_con_br0.png
0,728_dataset_2.png_con_br2.png
0,742_dataset_2.png_con_br1.png
0,753_dataset_1.png_con_br0.png
0,729_dataset_0.png_con_br3.png
0,739_dataset_1.png_con_br3.png
0,743_dataset_0.png_con_br0.png
0,745_dataset_2.png_con_br1.png
0,758_dataset_2.png_con_br2.png
0,724_dataset_1.png_con_br0.png
0,731_dataset_1.png_con_br2.png
0,721_dataset_0.png_con_br2.png
0,750_dataset_2.png_con_br3.png
0,746_dataset_1.png_con_br2.png
0,760_dataset_1.png_con_br3.png
0,760_dataset_1.png_con_br2.png
0,746_dataset_1.png_con_br3.png
0,750_dataset_2.png_con_br2.png
0,721_dataset_0.png_con_br3.png
0,731_dataset_1.png_con_br3.png
0,724_dataset_1.png_con_br1.png
0,758_dataset_2.png_con_br3.png
0,745_dataset_2.png_con_br0.png
0,739_dataset_1.png_con_br2.png
0,743_dataset_0.png_con_br1.png
0,753_dataset_1.png_con_br1.png
0,729_dataset_0.png_con_br2.png
0,729_dataset_0.png_con_br0.png
0,753_dataset_1.png_con_br3.png
0,743_dataset_0.png_con_br3.png
0,739_dataset_1.png_con_br0.png
0,745_dataset_2.png_con_br2.png
0,758_dataset_2.png_con_br1.png
0,724_dataset_1.png_con_br3.png
0,731_dataset_1.png_con_br1.png
0,721_dataset_0.png_con_br1.png
0,750_dataset_2.png_con_br0.png
0,760_dataset_1.png_con_br0.png
0,746_dataset_1.png_con_br1.png
0,746_dataset_1.png_con_br0.png
0,760_dataset_1.png_con_br1.png
0,750_dataset_2.png_con_br1.png
0,721_dataset_0.png_con_br0.png
0,731_dataset_1.png_con_br0.png
0,724_dataset_1.png_con_br2.png
0,758_dataset_2.png_con_br0.png
0,745_dataset_2.png_con_br3.png
0,743_dataset_0.png_con_br2.png
0,739_dataset_1.png_con_br1.png
0,729_dataset_0.png_con_br1.png
0,753_dataset_1.png_con_br2.png
1,696_dataset_1.png_var_br3.png
1,718_dataset_1.png_var_br2.png
1,686_dataset_0.png_var_br3.png
1,660_dataset_0.png_var_br2.png
1,705_dataset_1.png_var_br1.png
1,656_dataset_1.png_var_br3.png
1,655_dataset_2.png_var_br0.png
1,673_dataset_2.png_var_br1.png
1,706_dataset_2.png_var_br2.png
1,688_dataset_2.png_var_br3.png
1,720_dataset_2.png_var_br3.png
1,643_dataset_1.png_var_br1.png
1,653_dataset_0.png_var_br1.png
1,710_dataset_1.png_var_br3.png
1,675_dataset_0.png_var_br0.png
1,693_dataset_0.png_var_br1.png
1,678_dataset_1.png_var_br3.png
1,683_dataset_1.png_var_br1.png
1,648_dataset_2.png_var_br3.png
1,695_dataset_2.png_var_br0.png
1,695_dataset_2.png_var_br1.png
1,648_dataset_2.png_var_br2.png
1,683_dataset_1.png_var_br0.png
1,678_dataset_1.png_var_br2.png
1,693_dataset_0.png_var_br0.png
1,710_dataset_1.png_var_br2.png
1,675_dataset_0.png_var_br1.png
1,653_dataset_0.png_var_br0.png
1,643_dataset_1.png_var_br0.png
1,688_dataset_2.png_var_br2.png
1,720_dataset_2.png_var_br2.png
1,706_dataset_2.png_var_br3.png
1,673_dataset_2.png_var_br0.png
1,655_dataset_2.png_var_br1.png
1,656_dataset_1.png_var_br2.png
1,660_dataset_0.png_var_br3.png
1,705_dataset_1.png_var_br0.png
1,686_dataset_0.png_var_br2.png
1,718_dataset_1.png_var_br3.png
1,696_dataset_1.png_var_br2.png
1,718_dataset_1.png_var_br1.png
1,696_dataset_1.png_var_br0.png
1,686_dataset_0.png_var_br0.png
1,705_dataset_1.png_var_br2.png
1,660_dataset_0.png_var_br1.png
1,656_dataset_1.png_var_br0.png
1,673_dataset_2.png_var_br2.png
1,655_dataset_2.png_var_br3.png
1,720_dataset_2.png_var_br0.png
1,688_dataset_2.png_var_br0.png
1,706_dataset_2.png_var_br1.png
1,643_dataset_1.png_var_br2.png
1,675_dataset_0.png_var_br3.png
1,710_dataset_1.png_var_br0.png
1,653_dataset_0.png_var_br2.png
1,678_dataset_1.png_var_br0.png
1,693_dataset_0.png_var_br2.png
1,683_dataset_1.png_var_br2.png
1,648_dataset_2.png_var_br0.png
1,695_dataset_2.png_var_br3.png
1,695_dataset_2.png_var_br2.png
1,648_dataset_2.png_var_br1.png
1,683_dataset_1.png_var_br3.png
1,693_dataset_0.png_var_br3.png
1,678_dataset_1.png_var_br1.png
1,653_dataset_0.png_var_br3.png
1,675_dataset_0.png_var_br2.png
1,710_dataset_1.png_var_br1.png
1,643_dataset_1.png_var_br3.png
1,706_dataset_2.png_var_br0.png
1,720_dataset_2.png_var_br1.png
1,688_dataset_2.png_var_br1.png
1,655_dataset_2.png_var_br2.png
1,673_dataset_2.png_var_br3.png
1,656_dataset_1.png_var_br1.png
1,705_dataset_1.png_var_br3.png
1,660_dataset_0.png_var_br0.png
1,686_dataset_0.png_var_br1.png
1,696_dataset_1.png_var_br1.png
1,718_dataset_1.png_var_br0.png
1,691_dataset_1.png_var_br1.png
1,681_dataset_0.png_var_br1.png
1,709_dataset_2.png_var_br1.png
1,714_dataset_2.png_var_br2.png
1,661_dataset_2.png_var_br1.png
1,641_dataset_0.png_var_br1.png
1,702_dataset_1.png_var_br3.png
1,712_dataset_0.png_var_br3.png
1,677_dataset_1.png_var_br0.png
1,651_dataset_1.png_var_br1.png
1,689_dataset_0.png_var_br0.png
1,662_dataset_1.png_var_br2.png
1,654_dataset_0.png_var_br3.png
1,674_dataset_2.png_var_br3.png
1,692_dataset_2.png_var_br2.png
1,694_dataset_0.png_var_br3.png
1,684_dataset_1.png_var_br3.png
1,649_dataset_0.png_var_br0.png
1,649_dataset_0.png_var_br1.png
1,684_dataset_1.png_var_br2.png
1,694_dataset_0.png_var_br2.png
1,692_dataset_2.png_var_br3.png
1,674_dataset_2.png_var_br2.png
1,654_dataset_0.png_var_br2.png
1,662_dataset_1.png_var_br3.png
1,689_dataset_0.png_var_br1.png
1,651_dataset_1.png_var_br0.png
1,712_dataset_0.png_var_br2.png
1,677_dataset_1.png_var_br1.png
1,702_dataset_1.png_var_br2.png
1,641_dataset_0.png_var_br0.png
1,661_dataset_2.png_var_br0.png
1,714_dataset_2.png_var_br3.png
1,709_dataset_2.png_var_br0.png
1,681_dataset_0.png_var_br0.png
1,691_dataset_1.png_var_br0.png
1,691_dataset_1.png_var_br2.png
1,681_dataset_0.png_var_br2.png
1,709_dataset_2.png_var_br2.png
1,714_dataset_2.png_var_br1.png
1,661_dataset_2.png_var_br2.png
1,702_dataset_1.png_var_br0.png
1,641_dataset_0.png_var_br2.png
1,651_dataset_1.png_var_br2.png
1,677_dataset_1.png_var_br3.png
1,712_dataset_0.png_var_br0.png
1,662_dataset_1.png_var_br1.png
1,689_dataset_0.png_var_br3.png
1,654_dataset_0.png_var_br0.png
1,674_dataset_2.png_var_br0.png
1,692_dataset_2.png_var_br1.png
1,694_dataset_0.png_var_br0.png
1,684_dataset_1.png_var_br0.png
1,649_dataset_0.png_var_br3.png
1,649_dataset_0.png_var_br2.png
1,684_dataset_1.png_var_br1.png
1,694_dataset_0.png_var_br1.png
1,692_dataset_2.png_var_br0.png
1,674_dataset_2.png_var_br1.png
1,654_dataset_0.png_var_br1.png
1,689_dataset_0.png_var_br2.png
1,662_dataset_1.png_var_br0.png
1,677_dataset_1.png_var_br2.png
1,712_dataset_0.png_var_br1.png
1,651_dataset_1.png_var_br3.png
1,641_dataset_0.png_var_br3.png
1,702_dataset_1.png_var_br1.png
1,661_dataset_2.png_var_br3.png
1,714_dataset_2.png_var_br0.png
1,709_dataset_2.png_var_br3.png
1,681_dataset_0.png_var_br3.png
1,691_dataset_1.png_var_br3.png
1,654_dataset_1.png_var_br3.png
1,689_dataset_1.png_var_br0.png
1,662_dataset_0.png_var_br2.png
1,642_dataset_2.png_var_br2.png
1,664_dataset_2.png_var_br3.png
1,711_dataset_2.png_var_br0.png
1,679_dataset_2.png_var_br0.png
1,682_dataset_2.png_var_br2.png
1,649_dataset_1.png_var_br0.png
1,684_dataset_0.png_var_br3.png
1,694_dataset_1.png_var_br3.png
1,681_dataset_1.png_var_br1.png
1,691_dataset_0.png_var_br1.png
1,719_dataset_2.png_var_br1.png
1,697_dataset_2.png_var_br0.png
1,704_dataset_2.png_var_br2.png
1,671_dataset_2.png_var_br1.png
1,657_dataset_2.png_var_br0.png
1,712_dataset_1.png_var_br3.png
1,677_dataset_0.png_var_br0.png
1,651_dataset_0.png_var_br1.png
1,641_dataset_1.png_var_br1.png
1,702_dataset_0.png_var_br3.png
1,702_dataset_0.png_var_br2.png
1,641_dataset_1.png_var_br0.png
1,651_dataset_0.png_var_br0.png
1,712_dataset_1.png_var_br2.png
1,677_dataset_0.png_var_br1.png
1,657_dataset_2.png_var_br1.png
1,671_dataset_2.png_var_br0.png
1,704_dataset_2.png_var_br3.png
1,697_dataset_2.png_var_br1.png
1,719_dataset_2.png_var_br0.png
1,691_dataset_0.png_var_br0.png
1,681_dataset_1.png_var_br0.png
1,694_dataset_1.png_var_br2.png
1,684_dataset_0.png_var_br2.png
1,649_dataset_1.png_var_br1.png
1,682_dataset_2.png_var_br3.png
1,679_dataset_2.png_var_br1.png
1,711_dataset_2.png_var_br1.png
1,664_dataset_2.png_var_br2.png
1,642_dataset_2.png_var_br3.png
1,662_dataset_0.png_var_br3.png
1,689_dataset_1.png_var_br1.png
1,654_dataset_1.png_var_br2.png
1,654_dataset_1.png_var_br0.png
1,662_dataset_0.png_var_br1.png
1,689_dataset_1.png_var_br3.png
1,664_dataset_2.png_var_br0.png
1,642_dataset_2.png_var_br1.png
1,711_dataset_2.png_var_br3.png
1,679_dataset_2.png_var_br3.png
1,682_dataset_2.png_var_br1.png
1,649_dataset_1.png_var_br3.png
1,684_dataset_0.png_var_br0.png
1,694_dataset_1.png_var_br0.png
1,681_dataset_1.png_var_br2.png
1,691_dataset_0.png_var_br2.png
1,697_dataset_2.png_var_br3.png
1,719_dataset_2.png_var_br2.png
1,704_dataset_2.png_var_br1.png
1,657_dataset_2.png_var_br3.png
1,671_dataset_2.png_var_br2.png
1,651_dataset_0.png_var_br2.png
1,677_dataset_0.png_var_br3.png
1,712_dataset_1.png_var_br0.png
1,702_dataset_0.png_var_br0.png
1,641_dataset_1.png_var_br2.png
1,641_dataset_1.png_var_br3.png
1,702_dataset_0.png_var_br1.png
1,677_dataset_0.png_var_br2.png
1,712_dataset_1.png_var_br1.png
1,651_dataset_0.png_var_br3.png
1,671_dataset_2.png_var_br3.png
1,657_dataset_2.png_var_br2.png
1,704_dataset_2.png_var_br0.png
1,719_dataset_2.png_var_br3.png
1,697_dataset_2.png_var_br2.png
1,691_dataset_0.png_var_br3.png
1,681_dataset_1.png_var_br3.png
1,694_dataset_1.png_var_br1.png
1,684_dataset_0.png_var_br1.png
1,649_dataset_1.png_var_br2.png
1,682_dataset_2.png_var_br0.png
1,679_dataset_2.png_var_br2.png
1,711_dataset_2.png_var_br2.png
1,642_dataset_2.png_var_br0.png
1,664_dataset_2.png_var_br1.png
1,689_dataset_1.png_var_br2.png
1,662_dataset_0.png_var_br0.png
1,654_dataset_1.png_var_br1.png
1,663_dataset_2.png_var_br1.png
1,645_dataset_2.png_var_br0.png
1,698_dataset_2.png_var_br3.png
1,653_dataset_1.png_var_br1.png
1,710_dataset_0.png_var_br3.png
1,675_dataset_1.png_var_br0.png
1,643_dataset_0.png_var_br1.png
1,683_dataset_0.png_var_br1.png
1,693_dataset_1.png_var_br1.png
1,678_dataset_0.png_var_br3.png
1,658_dataset_2.png_var_br3.png
1,685_dataset_2.png_var_br0.png
1,690_dataset_2.png_var_br2.png
1,686_dataset_1.png_var_br3.png
1,696_dataset_0.png_var_br3.png
1,718_dataset_0.png_var_br2.png
1,656_dataset_0.png_var_br3.png
1,660_dataset_1.png_var_br2.png
1,705_dataset_0.png_var_br1.png
1,703_dataset_2.png_var_br0.png
1,650_dataset_2.png_var_br2.png
1,650_dataset_2.png_var_br3.png
1,703_dataset_2.png_var_br1.png
1,660_dataset_1.png_var_br3.png
1,705_dataset_0.png_var_br0.png
1,656_dataset_0.png_var_br2.png
1,718_dataset_0.png_var_br3.png
1,696_dataset_0.png_var_br2.png
1,686_dataset_1.png_var_br2.png
1,690_dataset_2.png_var_br3.png
1,685_dataset_2.png_var_br1.png
1,658_dataset_2.png_var_br2.png
1,678_dataset_0.png_var_br2.png
1,693_dataset_1.png_var_br0.png
1,683_dataset_0.png_var_br0.png
1,643_dataset_0.png_var_br0.png
1,710_dataset_0.png_var_br2.png
1,675_dataset_1.png_var_br1.png
1,653_dataset_1.png_var_br0.png
1,698_dataset_2.png_var_br2.png
1,645_dataset_2.png_var_br1.png
1,663_dataset_2.png_var_br0.png
1,645_dataset_2.png_var_br3.png
1,663_dataset_2.png_var_br2.png
1,698_dataset_2.png_var_br0.png
1,675_dataset_1.png_var_br3.png
1,710_dataset_0.png_var_br0.png
1,653_dataset_1.png_var_br2.png
1,643_dataset_0.png_var_br2.png
1,683_dataset_0.png_var_br2.png
1,678_dataset_0.png_var_br0.png
1,693_dataset_1.png_var_br2.png
1,658_dataset_2.png_var_br0.png
1,685_dataset_2.png_var_br3.png
1,690_dataset_2.png_var_br1.png
1,686_dataset_1.png_var_br0.png
1,718_dataset_0.png_var_br1.png
1,696_dataset_0.png_var_br0.png
1,656_dataset_0.png_var_br0.png
1,705_dataset_0.png_var_br2.png
1,660_dataset_1.png_var_br1.png
1,703_dataset_2.png_var_br3.png
1,650_dataset_2.png_var_br1.png
1,650_dataset_2.png_var_br0.png
1,703_dataset_2.png_var_br2.png
1,705_dataset_0.png_var_br3.png
1,660_dataset_1.png_var_br0.png
1,656_dataset_0.png_var_br1.png
1,696_dataset_0.png_var_br1.png
1,718_dataset_0.png_var_br0.png
1,686_dataset_1.png_var_br1.png
1,690_dataset_2.png_var_br0.png
1,685_dataset_2.png_var_br2.png
1,658_dataset_2.png_var_br1.png
1,693_dataset_1.png_var_br3.png
1,678_dataset_0.png_var_br1.png
1,683_dataset_0.png_var_br3.png
1,643_dataset_0.png_var_br3.png
1,653_dataset_1.png_var_br3.png
1,675_dataset_1.png_var_br2.png
1,710_dataset_0.png_var_br1.png
1,698_dataset_2.png_var_br1.png
1,663_dataset_2.png_var_br3.png
1,645_dataset_2.png_var_br2.png
1,657_dataset_0.png_var_br1.png
1,671_dataset_0.png_var_br0.png
1,714_dataset_1.png_var_br3.png
1,704_dataset_0.png_var_br3.png
1,661_dataset_1.png_var_br0.png
1,702_dataset_2.png_var_br2.png
1,651_dataset_2.png_var_br0.png
1,677_dataset_2.png_var_br1.png
1,691_dataset_2.png_var_br0.png
1,709_dataset_1.png_var_br0.png
1,697_dataset_0.png_var_br1.png
1,719_dataset_0.png_var_br0.png
1,682_dataset_0.png_var_br3.png
1,692_dataset_1.png_var_br3.png
1,679_dataset_0.png_var_br1.png
1,684_dataset_2.png_var_br2.png
1,662_dataset_2.png_var_br3.png
1,674_dataset_1.png_var_br2.png
1,711_dataset_0.png_var_br1.png
1,664_dataset_0.png_var_br2.png
1,642_dataset_0.png_var_br3.png
1,642_dataset_0.png_var_br2.png
1,664_dataset_0.png_var_br3.png
1,674_dataset_1.png_var_br3.png
1,711_dataset_0.png_var_br0.png
1,662_dataset_2.png_var_br2.png
1,684_dataset_2.png_var_br3.png
1,679_dataset_0.png_var_br0.png
1,692_dataset_1.png_var_br2.png
1,682_dataset_0.png_var_br2.png
1,719_dataset_0.png_var_br1.png
1,697_dataset_0.png_var_br0.png
1,709_dataset_1.png_var_br1.png
1,691_dataset_2.png_var_br1.png
1,677_dataset_2.png_var_br0.png
1,651_dataset_2.png_var_br1.png
1,702_dataset_2.png_var_br3.png
1,704_dataset_0.png_var_br2.png
1,661_dataset_1.png_var_br1.png
1,671_dataset_0.png_var_br1.png
1,714_dataset_1.png_var_br2.png
1,657_dataset_0.png_var_br0.png
1,714_dataset_1.png_var_br0.png
1,671_dataset_0.png_var_br3.png
1,657_dataset_0.png_var_br2.png
1,661_dataset_1.png_var_br3.png
1,704_dataset_0.png_var_br0.png
1,702_dataset_2.png_var_br1.png
1,677_dataset_2.png_var_br2.png
1,651_dataset_2.png_var_br3.png
1,691_dataset_2.png_var_br3.png
1,709_dataset_1.png_var_br3.png
1,719_dataset_0.png_var_br3.png
1,697_dataset_0.png_var_br2.png
1,682_dataset_0.png_var_br0.png
1,679_dataset_0.png_var_br2.png
1,692_dataset_1.png_var_br0.png
1,684_dataset_2.png_var_br1.png
1,662_dataset_2.png_var_br0.png
1,711_dataset_0.png_var_br2.png
1,674_dataset_1.png_var_br1.png
1,642_dataset_0.png_var_br0.png
1,664_dataset_0.png_var_br1.png
1,664_dataset_0.png_var_br0.png
1,642_dataset_0.png_var_br1.png
1,711_dataset_0.png_var_br3.png
1,674_dataset_1.png_var_br0.png
1,662_dataset_2.png_var_br1.png
1,684_dataset_2.png_var_br0.png
1,692_dataset_1.png_var_br1.png
1,679_dataset_0.png_var_br3.png
1,682_dataset_0.png_var_br1.png
1,697_dataset_0.png_var_br3.png
1,719_dataset_0.png_var_br2.png
1,709_dataset_1.png_var_br2.png
1,691_dataset_2.png_var_br2.png
1,651_dataset_2.png_var_br2.png
1,677_dataset_2.png_var_br3.png
1,702_dataset_2.png_var_br0.png
1,661_dataset_1.png_var_br2.png
1,704_dataset_0.png_var_br1.png
1,657_dataset_0.png_var_br3.png
1,714_dataset_1.png_var_br1.png
1,671_dataset_0.png_var_br2.png
1,705_dataset_2.png_var_br0.png
1,656_dataset_2.png_var_br2.png
1,650_dataset_0.png_var_br3.png
1,703_dataset_0.png_var_br1.png
1,690_dataset_0.png_var_br3.png
1,718_dataset_2.png_var_br3.png
1,696_dataset_2.png_var_br2.png
1,678_dataset_2.png_var_br2.png
1,683_dataset_2.png_var_br0.png
1,685_dataset_0.png_var_br1.png
1,648_dataset_1.png_var_br2.png
1,695_dataset_1.png_var_br1.png
1,658_dataset_0.png_var_br2.png
1,673_dataset_1.png_var_br0.png
1,698_dataset_0.png_var_br2.png
1,655_dataset_1.png_var_br1.png
1,720_dataset_1.png_var_br2.png
1,688_dataset_1.png_var_br2.png
1,645_dataset_0.png_var_br1.png
1,706_dataset_1.png_var_br3.png
1,663_dataset_0.png_var_br0.png
1,643_dataset_2.png_var_br0.png
1,710_dataset_2.png_var_br2.png
1,710_dataset_2.png_var_br3.png
1,643_dataset_2.png_var_br1.png
1,706_dataset_1.png_var_br2.png
1,663_dataset_0.png_var_br1.png
1,720_dataset_1.png_var_br3.png
1,645_dataset_0.png_var_br0.png
1,688_dataset_1.png_var_br3.png
1,655_dataset_1.png_var_br0.png
1,698_dataset_0.png_var_br3.png
1,673_dataset_1.png_var_br1.png
1,658_dataset_0.png_var_br3.png
1,695_dataset_1.png_var_br0.png
1,648_dataset_1.png_var_br3.png
1,685_dataset_0.png_var_br0.png
1,683_dataset_2.png_var_br1.png
1,678_dataset_2.png_var_br3.png
1,696_dataset_2.png_var_br3.png
1,718_dataset_2.png_var_br2.png
1,690_dataset_0.png_var_br2.png
1,703_dataset_0.png_var_br0.png
1,650_dataset_0.png_var_br2.png
1,656_dataset_2.png_var_br3.png
1,705_dataset_2.png_var_br1.png
1,705_dataset_2.png_var_br3.png
1,656_dataset_2.png_var_br1.png
1,650_dataset_0.png_var_br0.png
1,703_dataset_0.png_var_br2.png
1,690_dataset_0.png_var_br0.png
1,696_dataset_2.png_var_br1.png
1,718_dataset_2.png_var_br0.png
1,678_dataset_2.png_var_br1.png
1,683_dataset_2.png_var_br3.png
1,685_dataset_0.png_var_br2.png
1,648_dataset_1.png_var_br1.png
1,695_dataset_1.png_var_br2.png
1,658_dataset_0.png_var_br1.png
1,698_dataset_0.png_var_br1.png
1,655_dataset_1.png_var_br2.png
1,673_dataset_1.png_var_br3.png
1,663_dataset_0.png_var_br3.png
1,706_dataset_1.png_var_br0.png
1,688_dataset_1.png_var_br1.png
1,645_dataset_0.png_var_br2.png
1,720_dataset_1.png_var_br1.png
1,643_dataset_2.png_var_br3.png
1,710_dataset_2.png_var_br1.png
1,710_dataset_2.png_var_br0.png
1,643_dataset_2.png_var_br2.png
1,645_dataset_0.png_var_br3.png
1,688_dataset_1.png_var_br0.png
1,720_dataset_1.png_var_br0.png
1,663_dataset_0.png_var_br2.png
1,706_dataset_1.png_var_br1.png
1,673_dataset_1.png_var_br2.png
1,655_dataset_1.png_var_br3.png
1,698_dataset_0.png_var_br0.png
1,658_dataset_0.png_var_br0.png
1,695_dataset_1.png_var_br3.png
1,648_dataset_1.png_var_br0.png
1,685_dataset_0.png_var_br3.png
1,683_dataset_2.png_var_br2.png
1,678_dataset_2.png_var_br0.png
1,718_dataset_2.png_var_br1.png
1,696_dataset_2.png_var_br0.png
1,690_dataset_0.png_var_br1.png
1,703_dataset_0.png_var_br3.png
1,650_dataset_0.png_var_br1.png
1,656_dataset_2.png_var_br0.png
1,705_dataset_2.png_var_br2.png
1,693_dataset_2.png_var_br0.png
1,658_dataset_1.png_var_br2.png
1,695_dataset_0.png_var_br1.png
1,648_dataset_0.png_var_br2.png
1,685_dataset_1.png_var_br1.png
1,720_dataset_0.png_var_br2.png
1,645_dataset_1.png_var_br1.png
1,688_dataset_0.png_var_br2.png
1,706_dataset_0.png_var_br3.png
1,663_dataset_1.png_var_br0.png
1,673_dataset_0.png_var_br0.png
1,655_dataset_0.png_var_br1.png
1,698_dataset_1.png_var_br2.png
1,675_dataset_2.png_var_br1.png
1,653_dataset_2.png_var_br0.png
1,660_dataset_2.png_var_br3.png
1,703_dataset_1.png_var_br1.png
1,650_dataset_1.png_var_br3.png
1,690_dataset_1.png_var_br3.png
1,686_dataset_2.png_var_br2.png
1,686_dataset_2.png_var_br3.png
1,690_dataset_1.png_var_br2.png
1,650_dataset_1.png_var_br2.png
1,703_dataset_1.png_var_br0.png
1,660_dataset_2.png_var_br2.png
1,653_dataset_2.png_var_br1.png
1,675_dataset_2.png_var_br0.png
1,698_dataset_1.png_var_br3.png
1,655_dataset_0.png_var_br0.png
1,673_dataset_0.png_var_br1.png
1,706_dataset_0.png_var_br2.png
1,663_dataset_1.png_var_br1.png
1,720_dataset_0.png_var_br3.png
1,688_dataset_0.png_var_br3.png
1,645_dataset_1.png_var_br0.png
1,685_dataset_1.png_var_br0.png
1,648_dataset_0.png_var_br3.png
1,695_dataset_0.png_var_br0.png
1,658_dataset_1.png_var_br3.png
1,693_dataset_2.png_var_br1.png
1,693_dataset_2.png_var_br3.png
1,658_dataset_1.png_var_br1.png
1,695_dataset_0.png_var_br2.png
1,648_dataset_0.png_var_br1.png
1,685_dataset_1.png_var_br2.png
1,663_dataset_1.png_var_br3.png
1,706_dataset_0.png_var_br0.png
1,645_dataset_1.png_var_br2.png
1,688_dataset_0.png_var_br1.png
1,720_dataset_0.png_var_br1.png
1,655_dataset_0.png_var_br2.png
1,698_dataset_1.png_var_br1.png
1,673_dataset_0.png_var_br3.png
1,653_dataset_2.png_var_br3.png
1,675_dataset_2.png_var_br2.png
1,660_dataset_2.png_var_br0.png
1,703_dataset_1.png_var_br2.png
1,650_dataset_1.png_var_br0.png
1,690_dataset_1.png_var_br0.png
1,686_dataset_2.png_var_br1.png
1,686_dataset_2.png_var_br0.png
1,690_dataset_1.png_var_br1.png
1,650_dataset_1.png_var_br1.png
1,703_dataset_1.png_var_br3.png
1,660_dataset_2.png_var_br1.png
1,675_dataset_2.png_var_br3.png
1,653_dataset_2.png_var_br2.png
1,673_dataset_0.png_var_br2.png
1,698_dataset_1.png_var_br0.png
1,655_dataset_0.png_var_br3.png
1,688_dataset_0.png_var_br0.png
1,645_dataset_1.png_var_br3.png
1,720_dataset_0.png_var_br0.png
1,663_dataset_1.png_var_br2.png
1,706_dataset_0.png_var_br1.png
1,685_dataset_1.png_var_br3.png
1,648_dataset_0.png_var_br0.png
1,695_dataset_0.png_var_br3.png
1,658_dataset_1.png_var_br0.png
1,693_dataset_2.png_var_br2.png
1,692_dataset_0.png_var_br3.png
1,679_dataset_1.png_var_br1.png
1,682_dataset_1.png_var_br3.png
1,649_dataset_2.png_var_br1.png
1,694_dataset_2.png_var_br2.png
1,654_dataset_2.png_var_br2.png
1,689_dataset_2.png_var_br1.png
1,664_dataset_1.png_var_br2.png
1,642_dataset_1.png_var_br3.png
1,674_dataset_0.png_var_br2.png
1,711_dataset_1.png_var_br1.png
1,704_dataset_1.png_var_br3.png
1,661_dataset_0.png_var_br0.png
1,657_dataset_1.png_var_br1.png
1,671_dataset_1.png_var_br0.png
1,714_dataset_0.png_var_br3.png
1,712_dataset_2.png_var_br2.png
1,641_dataset_2.png_var_br0.png
1,681_dataset_2.png_var_br0.png
1,697_dataset_1.png_var_br1.png
1,719_dataset_1.png_var_br0.png
1,709_dataset_0.png_var_br0.png
1,709_dataset_0.png_var_br1.png
1,719_dataset_1.png_var_br1.png
1,697_dataset_1.png_var_br0.png
1,681_dataset_2.png_var_br1.png
1,641_dataset_2.png_var_br1.png
1,712_dataset_2.png_var_br3.png
1,671_dataset_1.png_var_br1.png
1,714_dataset_0.png_var_br2.png
1,657_dataset_1.png_var_br0.png
1,704_dataset_1.png_var_br2.png
1,661_dataset_0.png_var_br1.png
1,674_dataset_0.png_var_br3.png
1,711_dataset_1.png_var_br0.png
1,642_dataset_1.png_var_br2.png
1,664_dataset_1.png_var_br3.png
1,689_dataset_2.png_var_br0.png
1,654_dataset_2.png_var_br3.png
1,694_dataset_2.png_var_br3.png
1,649_dataset_2.png_var_br0.png
1,682_dataset_1.png_var_br2.png
1,679_dataset_1.png_var_br0.png
1,692_dataset_0.png_var_br2.png
1,679_dataset_1.png_var_br2.png
1,692_dataset_0.png_var_br0.png
1,682_dataset_1.png_var_br0.png
1,649_dataset_2.png_var_br2.png
1,694_dataset_2.png_var_br1.png
1,654_dataset_2.png_var_br1.png
1,689_dataset_2.png_var_br2.png
1,642_dataset_1.png_var_br0.png
1,664_dataset_1.png_var_br1.png
1,711_dataset_1.png_var_br2.png
1,674_dataset_0.png_var_br1.png
1,661_dataset_0.png_var_br3.png
1,704_dataset_1.png_var_br0.png
1,714_dataset_0.png_var_br0.png
1,671_dataset_1.png_var_br3.png
1,657_dataset_1.png_var_br2.png
1,712_dataset_2.png_var_br1.png
1,641_dataset_2.png_var_br3.png
1,681_dataset_2.png_var_br3.png
1,719_dataset_1.png_var_br3.png
1,697_dataset_1.png_var_br2.png
1,709_dataset_0.png_var_br3.png
1,709_dataset_0.png_var_br2.png
1,697_dataset_1.png_var_br3.png
1,719_dataset_1.png_var_br2.png
1,681_dataset_2.png_var_br2.png
1,641_dataset_2.png_var_br2.png
1,712_dataset_2.png_var_br0.png
1,657_dataset_1.png_var_br3.png
1,714_dataset_0.png_var_br1.png
1,671_dataset_1.png_var_br2.png
1,661_dataset_0.png_var_br2.png
1,704_dataset_1.png_var_br1.png
1,711_dataset_1.png_var_br3.png
1,674_dataset_0.png_var_br0.png
1,664_dataset_1.png_var_br0.png
1,642_dataset_1.png_var_br1.png
1,689_dataset_2.png_var_br3.png
1,654_dataset_2.png_var_br0.png
1,694_dataset_2.png_var_br0.png
1,649_dataset_2.png_var_br3.png
1,682_dataset_1.png_var_br1.png
1,692_dataset_0.png_var_br1.png
1,679_dataset_1.png_var_br3.png
